[
  {
    "id": 1,
    "name": "start new career",
    "c1": 2,
    "c2": 3,
    "c3": "",
    "story": "Your probabtion period starts for 30 days shortly.\n How you want to proceed?",
    "nav": "Press 1 - Go Onboarding\nPress 2-  Learn by doing",
    "win": 0,
    "loose": 0,
    "stranger": 0,
    "kitty": 0
  },
  {
    "id": 2,
    "name": "onboarding",
    "c1": 3,
    "c2": "",
    "c3": "",
    "story": "Your probabtion period starts now. Your goal is to survive probabtion period of 30 days.\nYou will be assigned a task everyday, to survive you need to complete the task within the deadlines. \nAre you ready to proceed?",
    "nav": "Press 1 - GO",
    "win": 0,
    "loose": 0,
    "stranger": 0,
    "kitty": 0
  },
  {
    "id": 3,
    "name": "learn by doing",
    "c1": 5,
    "c2": 4,
    "c3": 6,
    "story": "Good Morning, As the Germans say: Early bird catches worm. \nWill you come to work earlier than usual on time or later?",
    "nav": "Press 1 On-Time\nPress 2 - Early\nPress 3 - Late",
    "win": 0,
    "loose": 0,
    "stranger": 0,
    "kitty": 0
  },
  {
    "id": 4,
    "name": "Early",
    "c1": 9,
    "c2": 7,
    "c3": 5,
    "story": "You slip out of the bed and try not to wake up your spouse. \nAnd think what to do next should you take taxi to reach faster or \nsave money by going on bus or drop the idea of going early and go on-time",
    "nav": "Press 1 - Take Taxi\nPress 2 - Take Bus \nPress 3 - Go On-Time",
    "win": 0,
    "loose": 0,
    "stranger": 0,
    "kitty": 0
  },
  {
    "id": 5,
    "name": "On-Time",
    "c1": 8,
    "c2": 12,
    "c3": 11,
    "story": "You arrive  at work on time, your supervisor looks at you reproachfully.",
    "nav": "Press 1-Work\nPress 2 - Life\nPress 3 - Explore",
    "win": 0,
    "loose": 0,
    "stranger": 0,
    "kitty": 0
  },
  {
    "id": 6,
    "name": "Loose",
    "c1": "",
    "c2": "",
    "c3": "",
    "story": "You silly, who misses  the first day of the work you are fired!!!",
    "nav": "",
    "win": 0,
    "loose": 1,
    "stranger": 0,
    "kitty": 0
  },
  {
    "id": 7,
    "name": "Take Bus",
    "c1": 5,
    "c2": 15,
    "c3": 16,
    "story": "You are at the bus stop and waiting for the bus.  Make your choice now.",
    "nav": "Press 1 -Take bus and reach on Time\nPress 2 - Miss the Bus\nPress 3 - Bus  Met an Accident",
    "win": 0,
    "loose": 0,
    "stranger": 0,
    "kitty": 0
  },
  {
    "id": 8,
    "name": "Work",
    "c1": 13,
    "c2": 14,
    "c3": 18,
    "story": "You Reached.You pitched an idea and it gets rejected because of the wrong choice and\n you are upset at the first day of the work. What you will do next?",
    "nav": "Press 1 - Quit Job\nPress 2 - Take a coffee break\nPress 3 - Search for a better idea",
    "win": 0,
    "loose": 0,
    "stranger": 0,
    "kitty": 0
  },
  {
    "id": 9,
    "name": "Take Taxi",
    "c1": 8,
    "c2": 24,
    "c3": "",
    "story": "You are on the way to work in taxi. What you want to happen next? Make a wise choice",
    "nav": "Press 1 - Reach on-time \nPress 2 - Driver Take wrong turn",
    "win": 0,
    "loose": 0,
    "stranger": 0,
    "kitty": 1
  },
  {
    "id": 10,
    "name": "Overtime",
    "c1": 26,
    "c2": "",
    "c3": "",
    "story": "You stay in the office and continue working on that thing. \nYou wake up at your desk from the sound of the smart photocopier booting.What happens next?",
    "nav": "Press 1 - Go Home",
    "win": 0,
    "loose": 0,
    "stranger": 0,
    "kitty": 1
  },
  {
    "id": 11,
    "name": "Explore",
    "c1": 25,
    "c2": 8,
    "c3": 22,
    "story": "You are looking around the large office building to explore. Where you want to go next?",
    "nav": "Press 1 -Go back to your workstation\nPress 2 to Start working on Presentation\nPress 3 to Chat with a Friend",
    "win": 0,
    "loose": 0,
    "stranger": 0,
    "kitty": 0
  },
  {
    "id": 12,
    "name": "Life",
    "c1": 25,
    "c2": 21,
    "c3": 10,
    "story": "Your workmate's screen is unlocked. You read his personal message.What will happen next?",
    "nav": "Press 1 to Go Back to Your workstation\n Press 2 You got Caught\nPress 3 You have to do Overtime",
    "win": 0,
    "loose": 0,
    "stranger": 0,
    "kitty": 0
  },
  {
    "id": 13,
    "name": "Loose",
    "c1": "",
    "c2": "",
    "c3": "",
    "story": "Terrible You Chicken out!!! It was not expected...",
    "nav": "",
    "win": 0,
    "loose": 1,
    "stranger": 0,
    "kitty": 1
  },
  {
    "id": 14,
    "name": "Coffee break",
    "c1": 25,
    "c2": 18,
    "c3": "",
    "story": "You are having lunch with your family. Your superior, who is in a bad mood, turns your afternoon into hell.What next?",
    "nav": "Press 1 - Go back to your Workstation \nPress 2 - Search for better idea",
    "win": 0,
    "loose": 0,
    "stranger": 0,
    "kitty": 0
  },
  {
    "id": 15,
    "name": "Miss the  Bus",
    "c1": 9,
    "c2": 17,
    "c3": "",
    "story": "You miss the bus!!! What you will do next??",
    "nav": "Press 1 - Take Taxi\nPress 2 - Go Back home",
    "win": 0,
    "loose": 0,
    "stranger": 0,
    "kitty": 0
  },
  {
    "id": 16,
    "name": "Bus Accident",
    "c1": 6,
    "c2": 17,
    "c3": 27,
    "story": "Your bus met with an accident now what you will do?",
    "nav": "Press 1 -Reach On time\nPress 2 - Go Back Home\nPress 3 -Get a help from stranger",
    "win": 0,
    "loose": 0,
    "stranger": 1,
    "kitty": 0
  },
  {
    "id": 17,
    "name": "Loose",
    "c1": "",
    "c2": "",
    "c3": "",
    "story": "You are Fired because. You didn't reach on time for the job. \nBut you are safe and your family is happy to see you fine!!Better luck next time",
    "nav": "",
    "win": 0,
    "loose": 1,
    "stranger": 0,
    "kitty": 0
  },
  {
    "id": 18,
    "name": "Search for a better idea",
    "c1": 19,
    "c2": 20,
    "c3": "",
    "story": "You came back to work station and suddenly a notification  pops on social media what you will do now??",
    "nav": "Press 1 - Have a look at your social media\nPress 2 - No, You will research for better idea",
    "win": 0,
    "loose": 0,
    "stranger": 0,
    "kitty": 0
  },
  {
    "id": 19,
    "name": "Social media",
    "c1": 21,
    "c2": 22,
    "c3": "",
    "story": "You are scrolling through your social media. What happens next?",
    "nav": "Press 1 - You Got Caught\nPress 2 - You started chatting with your friend",
    "win": 0,
    "loose": 0,
    "stranger": 0,
    "kitty": 0
  },
  {
    "id": 20,
    "name": "Research",
    "c1": 22,
    "c2": 26,
    "c3": "",
    "story": "You are researching for new ideas and exhausted what you do next?",
    "nav": "Press 1 - Chat with friend\nPress 2 - GO Home",
    "win": 0,
    "loose": 0,
    "stranger": 0,
    "kitty": 0
  },
  {
    "id": 21,
    "name": "Caught",
    "c1": 25,
    "c2": 14,
    "c3": "",
    "story": "You are caught for your misdeed. Now what you will do next ?",
    "nav": "Press 1 - Go back to your worksstation\nPress 2 -Take a Break",
    "win": 0,
    "loose": 0,
    "stranger": 0,
    "kitty": 0
  },
  {
    "id": 22,
    "name": "Chat with Friend",
    "c1": 21,
    "c2": 20,
    "c3": 23,
    "story": "You got your friend online on your social media and started chatting. What happens next?",
    "nav": "Press 1- You got caught chatting\nPress 2 - Go back and research\nPress 3 - You got Idea from your friend",
    "win": 0,
    "loose": 0,
    "stranger": 0,
    "kitty": 0
  },
  {
    "id": 23,
    "name": "Friend gave you Idea",
    "c1": 28,
    "c2": "",
    "c3": "",
    "story": "You got an Idea from your friend what you do next??",
    "nav": "Press 1 - Present the Idea",
    "win": 0,
    "loose": 0,
    "stranger": 0,
    "kitty": 0
  },
  {
    "id": 24,
    "name": "Driver took a wrong turn",
    "c1": 27,
    "c2": 7,
    "c3": "",
    "story": "Your Taxi driver lost his way and now you are stuck don't know what to do?",
    "nav": "Press 1 - Take stranger's help\nPress 2 - Take a Bus",
    "win": 0,
    "loose": 0,
    "stranger": 1,
    "kitty": 0
  },
  {
    "id": 25,
    "name": "Go Back to your Workstation",
    "c1": 20,
    "c2": 11,
    "c3": 22,
    "story": "You are embarrassed and start working on your idea. Its time to move to next step",
    "nav": "Press 1 - Research\nPress 2 - Explore Office\nPress 3 - Chat with Friend",
    "win": 0,
    "loose": 0,
    "stranger": 0,
    "kitty": 0
  },
  {
    "id": 26,
    "name": "Win",
    "c1": "",
    "c2": "",
    "c3": "",
    "story": "Your day was bit stressful, but when you reach home you saw happy faces of your spouse and children.\n And take them to theme park and You won the game by having a successful day at work.",
    "nav": "",
    "win": 1,
    "loose": 0,
    "stranger": 0,
    "kitty": 0
  },
  {
    "id": 27,
    "name": "Stranger",
    "c1": 8,
    "c2": "",
    "c3": "",
    "story": "You meet a stranger and ask for the help. He stops by and you started talking to him what happens next?",
    "nav": "Press 1 - Go to work",
    "win": 0,
    "loose": 0,
    "stranger": 0,
    "kitty": 0
  },
  {
    "id": 28,
    "name": "Win",
    "c1": "",
    "c2": "",
    "c3": "",
    "story": "You present,your Idea Works and get selected. Your first day at work was successful. You win the game",
    "nav": "",
    "win": 1,
    "loose": 0,
    "stranger": 0,
    "kitty": 0
  }
]